time_ms,bpm,correlation
0,0,0
33,0,0
66,0,0
99,0,0
133,0,0
166,0,0
199,0,0
233,0,0
266,0,0
300,0,0
333,0,0
366,0,0
399,0,0
433,0,0
466,0,0
499,0,0
533,0,0
566,0,0
600,0,0
633,0,0
666,0,0
699,0,0
733,0,0
766,0,0
799,0,0
832,0,0
866,0,0
900,0,0
933,0,0
966,0,0
999,0,0
1033,0,0
1066,0,0
1100,0,0
1132,0,0
1166,0,0
1200,0,0
1233,0,0
1266,0,0
1299,0,0
1333,0,0
1366,0,0
1400,0,0
1432,0,0
1466,0,0
1499,0,0
1533,0,0
1566,0,0
1599,0,0
1633,0,0
1666,0,0
1700,0,0
1732,0,0
1766,0,0
1799,0,0
1833,0,0
1866,0,0
1899,0,0
1933,0,0
1966,0,0
2000,0,0
2032,0,0
2066,0,0
2133,0,0
2167,0,0
2233,0,0
2266,0,0
2332,0,0
2366,0,0
2399,0,0
2433,0,0
2466,0,0
2499,0,0
2533,0,0
2566,0,0
2600,0,0
2632,0,0
2666,0,0
2699,0,0
2733,0,0
2766,0,0
2799,0,0
2833,0,0
2866,0,0
2900,0,0
2932,0,0
2966,0,0
2999,0,0
3033,0,0
3066,0,0
3099,0,0
3132,0,0
3166,0,0
3200,0,0
3233,0,0
3266,0,0
3299,0,0
3333,0,0
3366,0,0
3399,0,0
3432,0,0
3466,0,0
3500,0,0
3533,0,0
3566,0,0
3599,0,0
3633,0,0
3666,0,0
3699,0,0
3732,0,0
3766,0,0
3799,0,0
3833,0,0
3866,0,0
3899,0,0
3933,0,0
3966,0,0
3999,0,0
4032,0,0
4066,0,0
4099,0,0
4133,0,0
4166,0,0
4199,0,0
4233,0,0
4266,0,0
4300,0,0
4332,0,0
4366,0,0
4399,0,0
4433,0,0
4466,0,0
4499,0,0
4533,0,0
4566,0,0
4600,0,0
4632,0,0
4666,0,0
4699,0,0
4733,0,0
4765,0,0
4799,0,0
4833,0,0
4866,0,0
4900,0,0
4932,0,0
4966,0,0
4999,0,0
5033,0,0
5065,0,0
5099,0,0
5133,0,0
5166,0,0
5200,0,0
5232,0,0
5266,0,0
5299,0,0
5333,0,0
5366,0,0
5399,0,0
5466,0,0
5500,0,0
5566,0,0
5599,0,0
5666,0,0
5699,0,0
5766,0,0
5800,0,0
5832,0,0
5866,0,0
5899,0,0
5933,0,0
5966,0,0
5999,0,0
6032,0,0
6066,0,0
6099,0,0
6132,0,0
6166,0,0
6199,0,0
6233,0,0
6266,0,0
6299,0,0
6332,0,0
6366,0,0
6399,0,0
6433,0,0
6466,0,0
6499,0,0
6533,0,0
6566,0,0
6599,0,0
6632,0,0
6666,0,0
6699,0,0
6733,0,0
6766,0,0
6799,0,0
6833,0,0
6866,0,0
6899,0,0
6932,0,0
6966,0,0
6999,0,0
7033,0,0
7065,0,0
7099,0,0
7133,0,0
7166,0,0
7199,0,0
7232,0,0
7266,0,0
7299,0,0
7333,0,0
7365,0,0
7399,0,0
7433,0,0
7466,0,0
7500,0,0
7532,0,0
7566,0,0
7599,0,0
7633,0,0
7665,0,0
7699,0,0
7732,0,0
7766,0,0
7800,0,0
7832,0,0
7866,0,0
7899,0,0
7933,0,0
7965,0,0
7999,0,0
8032,0,0
8066,0,0
8100,0,0
8132,0,0
8166,0,0
8199,0,0
8233,0,0
8299,0,0
8332,0,0
8399,0,0
8432,0,0
8499,0,0
8533,0,0
8599,0,0
8632,0,0
8699,0,0
8732,0,0
8799,0,0
8833,0,0
8899,0,0
8932,0,0
8999,0,0
9032,0,0
9066,0,0
9099,0,0
9133,0,0
9166,0,0
9199,0,0
9232,0,0
9266,0,0
9299,0,0
9332,0,0
9365,0,0
9399,0,0
9433,0,0
9466,0,0
9499,0,0
9532,0,0
9566,0,0
9599,0,0
9633,0,0
9665,0,0
9699,0,0
9733,0,0
9766,0,0
9799,0,0
9832,0,0
9866,0,0
9899,0,0
9933,0,0
9965,0,0
9999,0,0
10032,0,0
10066,0,0
10099,0,0
10132,0,0
10166,0,0
10199,0,0
10233,0,0
10265,140,20
10299,140,20
10332,140,20
10366,140,20
10399,140,20
10432,140,20
10466,140,20
10499,140,20
10533,140,20
10565,140,20
10599,140,20
10632,140,20
10666,140,20
10698,140,20
10732,140,20
10766,140,20
10799,140,20
10833,140,20
10865,140,20
10932,140,20
10966,140,20
11032,140,20
11066,140,20
11133,140,20
11165,140,20
11199,140,20
11232,140,20
11266,140,20
11299,140,20
11332,140,20
11366,140,20
11399,140,20
11433,140,20
11465,140,20
11499,140,20
11532,140,20
11566,140,20
11599,140,20
11632,140,20
11665,140,20
11699,140,20
11733,140,20
11766,140,20
11799,140,20
11832,140,20
11866,140,20
11899,140,20
11932,140,20
11965,140,20
11999,140,20
12033,140,20
12066,140,20
12099,140,20
12132,140,20
12166,140,20
12199,140,20
12232,140,20
12265,140,20
12299,140,20
12332,140,20
12366,140,20
12399,140,20
12432,140,20
12466,140,20
12499,140,20
12532,140,20
12565,140,20
12599,140,20
12632,140,20
12666,140,20
12699,140,20
12732,140,20
12766,140,20
12799,140,20
12833,140,20
12865,140,20
12899,140,20
12932,140,20
12966,140,20
12998,140,20
13032,140,20
13066,140,20
13099,140,20
13133,140,20
13165,140,20
13199,140,20
13232,140,20
13266,140,20
13298,140,20
13366,140,20
13399,140,20
13465,140,20
13499,140,20
13566,140,20
13598,140,20
13666,140,20
13699,140,20
13765,140,20
13799,140,20
13866,140,20
13898,140,20
13932,140,20
13965,140,20
13999,140,20
14033,140,20
14065,140,21
14099,140,21
14132,140,21
14166,140,21
14199,140,21
14232,140,21
14265,140,21
14299,140,21
14333,140,21
14365,140,21
14399,140,21
14432,140,21
14466,140,21
14499,140,21
14532,140,21
14565,140,21
14599,140,21
14632,140,21
14665,140,21
14699,140,21
14732,140,21
14766,140,21
14799,140,21
14832,140,21
14865,140,21
14899,140,21
14932,140,21
14966,140,21
14999,140,21
15032,140,21
15066,140,21
15099,140,21
15132,140,21
15165,140,21
15199,140,21
15232,140,21
15266,140,21
15299,140,21
15332,140,21
15366,140,21
15399,140,21
15432,140,21
15465,140,21
15499,140,21
15532,140,21
15566,140,21
15598,140,21
15632,140,21
15666,140,21
15699,140,21
15732,140,21
15765,140,21
15799,140,21
15832,140,21
15866,140,21
15898,140,21
15932,140,21
15966,140,17
15999,140,17
16033,140,17
16065,140,17
16099,140,17
16132,140,17
16166,140,17
16198,140,17
16232,140,17
16265,140,17
16299,140,17
16333,140,17
16399,140,17
16432,140,17
16498,140,17
16532,140,17
16599,140,17
16633,140,17
16665,140,17
16699,140,17
16732,140,17
16766,140,17
16798,140,17
16832,140,17
16865,140,17
16899,140,17
16932,140,17
16965,140,17
16999,140,17
17032,140,17
17066,140,17
17098,140,17
17132,140,17
17165,140,17
17199,140,17
17232,140,17
17265,140,17
17299,140,17
17332,140,17
17366,140,17
17399,140,17
17432,140,17
17465,140,17
17499,140,17
17532,140,17
17565,140,17
17599,140,17
17632,140,17
17666,140,17
17699,140,17
17732,140,17
17765,140,17
17799,140,17
17832,140,17
17865,140,5
17898,140,5
17932,140,5
17966,140,5
17999,140,5
18032,140,5
18065,140,5
18099,140,5
18132,140,5
18166,140,5
18198,140,5
18232,140,5
18266,140,5
18299,140,5
18332,140,5
18365,140,5
18399,140,5
18432,140,5
18466,140,5
18498,140,5
18532,140,5
18565,140,5
18599,140,5
18632,140,5
18665,140,5
18699,140,5
18732,140,5
18766,140,5
18798,140,5
18832,140,5
18865,140,5
18899,140,5
18932,140,5
18965,140,5
18999,140,5
19032,140,5
19066,140,5
19098,140,5
19132,140,5
19165,140,5
19199,140,5
19231,140,5
19265,140,5
19299,140,5
19332,140,5
19366,140,5
19398,140,5
19432,140,5
19465,140,5
19499,140,5
19532,140,5
19565,140,5
19599,140,5
19632,140,5
19666,140,5
19732,138,6
19765,138,6
19832,138,6
19865,138,6
19932,138,6
19966,138,6
19998,138,6
20032,138,6
20065,138,6
20099,138,6
20132,138,6
20165,138,6
20198,138,6
20232,138,6
20266,138,6
20298,138,6
20332,138,6
20365,138,6
20399,138,6
20432,138,6
20465,138,6
20498,138,6
20532,138,6
20566,138,6
20599,138,6
20632,138,6
20665,138,6
20699,138,6
20732,138,6
20765,138,6
20798,138,6
20832,138,6
20865,138,6
20899,138,6
20932,138,6
20965,138,6
20999,138,6
21032,138,6
21065,138,6
21098,138,6
21132,138,6
21165,138,6
21199,138,6
21232,138,6
21265,138,6
21299,138,6
21332,138,6
21366,138,6
21398,138,6
21432,138,6
21465,138,6
21499,138,6
21532,138,6
21565,138,6
21599,138,6
21632,0,0
21666,0,0
21698,0,0
21732,0,0
21765,0,0
21799,0,0
21831,0,0
21865,0,0
21899,0,0
21966,0,0
21998,0,0
22065,0,0
22099,0,0
22165,0,0
22199,0,0
22266,0,0
22298,0,0
22365,0,0
22399,0,0
22465,0,0
22498,0,0
22566,0,0
22598,0,0
22665,0,0
22699,0,0
22732,0,0
22765,0,0
22798,0,0
22832,0,0
22866,0,0
22898,0,0
22932,0,0
22965,0,0
22999,0,0
23032,0,0
23065,0,0
23098,0,0
23132,0,0
23165,0,0
23198,0,0
23232,0,0
23265,0,0
23299,0,0
23332,0,0
23365,0,0
23398,0,0
23432,0,0
23465,0,0
23498,0,0
23532,0,0
23565,0,0
23599,0,0
23632,0,0
23665,0,0
23698,0,0
23732,0,0
23765,0,0
23799,0,0
23832,0,0
23865,0,0
23899,0,0
23932,0,0
23965,0,0
23998,0,0
24032,0,0
24065,0,0
24099,0,0
24131,0,0
24165,0,0
24199,0,0
24232,0,0
24265,0,0
24298,0,0
24332,0,0
24365,0,0
24399,0,0
24431,0,0
24465,0,0
24499,0,0
24532,0,0
24566,0,0
24598,0,0
24632,0,0
24665,0,0
24699,0,0
24731,0,0
24765,0,0
24798,0,0
24832,0,0
24898,0,0
24932,0,0
24999,0,0
25031,0,0
25098,0,0
25132,0,0
25198,0,0
25232,0,0
25299,0,0
25331,0,0
25398,0,0
25432,0,0
25498,0,0
25532,0,0
25565,0,0
25599,0,0
25631,0,0
25665,0,0
25698,0,0
25732,0,0
25765,0,0
25798,0,0
25832,0,0
25865,0,0
25899,0,0
25932,0,0
25965,0,0
25998,0,0
26032,0,0
26065,0,0
26098,0,0
26132,0,0
26165,0,0
26199,0,0
26232,0,0
26265,0,0
26298,0,0
26332,0,0
26365,0,0
26398,0,0
26431,0,0
26465,0,0
26499,0,0
26532,0,0
26565,0,0
26598,0,0
26632,0,0
26665,0,0
26698,0,0
26731,0,0
26765,0,0
26799,0,0
26832,0,0
26865,0,0
26898,0,0
26932,0,0
26965,0,0
26999,0,0
27031,0,0
27065,0,0
27098,0,0
27132,0,0
27165,0,0
27198,0,0
27232,0,0
27265,0,0
27299,0,0
27331,0,0
27365,0,0
27398,0,0
27432,0,0
27465,0,0
27532,0,0
27565,0,0
27631,0,0
27665,0,0
27732,0,0
27766,0,0
27832,0,0
27865,0,0
27931,0,0
27965,0,0
28032,0,0
28065,0,0
28098,0,0
28132,0,0
28165,0,0
28199,0,0
28231,0,0
28265,0,0
28298,0,0
28332,0,0
28365,0,0
28398,0,0
28432,0,0
28465,0,0
28499,0,0
28531,0,0
28565,0,0
28598,0,0
28632,0,0
28665,0,0
28698,0,0
28731,0,0
28765,0,0
28799,0,0
28831,0,0
28865,0,0
28898,0,0
28932,0,0
28965,0,0
28998,0,0
29031,0,0
29065,0,0
29099,0,0
29132,0,0
29165,0,0
29198,0,0
29232,0,0
29265,0,0
29298,0,0
29331,0,0
29365,0,0
29398,0,0
29432,0,0
29465,0,0
29498,0,0
29532,0,0
29565,0,0
29598,0,0
29631,0,0
29665,0,0
29698,0,0
29732,0,0
29765,0,0
29798,0,0
29832,0,0
29865,0,0
29898,0,0
29931,0,0
29965,0,0
29998,0,0
30032,0,0
30064,0,0
30098,0,0
30132,0,0
30165,0,0
30199,0,0
30231,0,0
30265,0,0
30298,0,0
30332,0,0
30364,0,0
30398,0,0
30432,0,0
30465,0,0
30499,0,0
30531,0,0
30565,0,0
30598,0,0
30632,0,0
30664,0,0
30698,0,0
30732,0,0
30765,0,0
30799,0,0
30831,0,0
30865,0,0
30898,0,0
30932,0,0
30964,0,0
30998,0,0
31031,0,0
31065,0,0
31099,140,14
31131,140,14
31165,140,14
31198,140,14
31232,140,14
31265,140,14
31298,140,14
31331,140,14
31365,140,14
31399,140,14
31465,140,14
31498,140,14
31565,140,14
31598,140,14
31665,140,14
31698,140,14
31731,140,14
31765,140,14
31798,140,14
31832,140,14
31865,140,14
31898,140,14
31931,140,14
31965,140,14
31998,140,14
32031,140,14
32065,140,14
32098,140,14
32132,140,14
32165,140,14
32198,140,14
32231,140,14
32265,140,14
32298,140,14
32332,140,14
32365,140,14
32398,140,14
32432,140,14
32465,140,14
32498,140,14
32531,140,14
32565,140,14
32598,140,14
32632,140,14
32664,140,14
32698,140,14
32732,140,14
32765,140,14
32798,140,14
32831,140,14
32865,140,14
32898,140,14
32932,140,14
32964,140,14
32998,140,6
33032,140,6
33065,140,6
33098,140,6
33131,140,6
33165,140,6
33198,140,6
33232,140,6
33264,140,6
33298,140,6
33331,140,6
33365,140,6
33399,140,6
33431,140,6
33465,140,6
33498,140,6
33532,140,6
33598,140,6
33631,140,6
33699,140,6
33731,140,6
33798,140,6
33832,140,6
33864,140,6
33898,140,6
33931,140,6
33965,140,6
33998,140,6
34031,140,6
34065,140,6
34098,140,6
34132,140,6
34164,140,6
34198,140,6
34231,140,6
34265,140,6
34298,140,6
34331,140,6
34365,140,6
34398,140,6
34432,140,6
34465,140,6
34498,140,6
34531,140,6
34565,140,6
34598,140,6
34631,140,6
34665,140,6
34698,140,6
34732,140,6
34765,140,6
34798,140,6
34831,140,6
34865,140,6
34898,140,6
34931,140,6
34964,140,6
34998,140,6
35032,140,6
35065,140,6
35098,140,6
35131,140,6
35165,140,6
35198,140,6
35231,140,6
35264,140,6
35298,140,6
35332,140,6
35365,140,6
35398,140,6
35431,140,6
35465,140,6
35498,140,6
35532,140,6
35564,140,6
35598,140,6
35631,140,6
35665,140,6
35698,140,6
35731,140,6
35765,140,6
35798,140,6
35832,140,6
35864,140,6
35898,140,6
35931,140,6
35965,140,6
35998,140,6
36031,140,6
36065,140,6
36132,140,6
36164,140,6
36231,140,6
36265,140,6
36331,140,6
36365,140,6
36432,140,6
36464,140,6
36531,140,6
36565,140,6
36631,140,6
36665,140,6
36698,140,6
36732,140,6
36764,140,6
36798,140,14
36831,140,14
36865,140,14
36898,140,14
36931,140,14
36965,140,14
36998,140,14
37032,140,14
37064,140,14
37098,140,14
37131,140,14
37165,140,14
37198,140,14
37231,140,14
37264,140,14
37298,140,14
37332,140,14
37364,140,14
37398,140,14
37431,140,14
37465,140,14
37498,140,14
37531,140,14
37564,140,14
37598,140,14
37632,140,14
37665,140,14
37698,140,14
37731,140,14
37765,140,14
37798,140,14
37831,140,14
37864,140,14
37898,140,14
37931,140,14
37965,140,14
37998,140,14
38031,140,14
38065,140,14
38098,140,14
38131,140,14
38164,140,14
38198,140,14
38231,140,14
38265,140,14
38298,140,14
38331,140,14
38365,140,14
38398,140,14
38431,140,14
38464,140,14
38498,140,14
38565,140,14
38598,140,14
38665,140,14
38698,140,11
38732,140,11
38764,140,11
38798,140,11
38831,140,11
38865,140,11
38897,140,11
38931,140,11
38965,140,11
38998,140,11
39032,140,11
39064,140,11
39098,140,11
39131,140,11
39165,140,11
39197,140,11
39231,140,11
39265,140,11
39298,140,11
39332,140,11
39364,140,11
39398,140,11
39431,140,11
39465,140,11
39497,140,11
39531,140,11
39564,140,11
39598,140,11
39632,140,11
39664,140,11
39698,140,11
39731,140,11
39765,140,11
39798,140,11
39831,140,11
39864,140,11
39898,140,11
39932,140,11
39964,140,11
39998,140,11
40031,140,11
40065,140,11
40098,140,11
40131,140,11
40164,140,11
40198,140,11
40231,140,11
40264,140,11
40298,140,11
40331,140,11
40365,140,11
40398,140,11
40431,140,11
40498,140,11
40531,140,11
40598,139,11
40631,139,11
40698,139,11
40731,139,11
40764,139,11
40798,139,11
40831,139,11
40865,139,11
40898,139,11
40931,139,11
40965,139,11
40998,139,11
41031,139,11
41064,139,11
41098,139,11
41131,139,11
41165,139,11
41197,139,11
41231,139,11
41265,139,11
41298,139,11
41331,139,11
41364,139,11
41398,139,11
41431,139,11
41465,139,11
41497,139,11
41531,139,11
41565,139,11
41598,139,11
41631,139,11
41664,139,11
41698,139,11
41731,139,11
41765,139,11
41797,139,11
41831,139,11
41864,139,11
41898,139,11
41932,139,11
41964,139,11
41998,139,11
42031,139,11
42065,139,11
42097,139,11
42131,139,11
42164,139,11
42198,139,11
42232,139,11
42264,139,11
42298,139,11
42331,139,11
42365,139,11
42431,139,11
42464,139,11
42531,139,11
42564,139,11
42631,139,11
42665,139,11
42731,139,11
42764,139,11
42831,139,11
42864,139,11
42898,139,11
42931,139,11
42965,139,11
