capture_mode,device_ms,frames,min_frame_us,max_frame_us,max_work_us,max_input_us,late_frames,analysis_busy_windows,stack_headroom_bytes,work_calls
0,2003,120,8324,8348,0,368,0,0,367,0
0,3003,120,8320,8344,0,368,0,0,367,0
0,4003,120,8324,8344,0,416,0,0,367,0
0,5003,120,8320,8348,0,416,0,0,367,0
0,6003,120,8324,8344,384,368,0,0,367,304
0,7003,120,8316,8348,388,372,0,0,367,788
0,8003,120,8320,8344,544,372,0,2,367,800
1,9004,120,8320,8348,384,380,0,0,367,787
1,10004,120,8260,8400,548,376,0,2,359,794
1,11004,120,8316,8348,384,408,0,0,359,792
1,12004,120,8168,8484,552,436,0,2,359,791
1,13004,120,8276,8384,392,432,0,0,359,784
1,14004,120,8276,8360,500,440,0,2,359,792
1,15004,120,8284,8392,388,444,0,0,359,789
1,16004,120,8296,8396,500,428,0,2,359,794
1,17004,120,8308,8388,392,428,0,0,359,789
1,18004,120,8296,8392,552,428,0,2,359,796
2,19004,120,8288,8380,552,432,0,2,359,794
2,20004,120,8288,8372,384,440,0,0,359,790
2,21004,120,8292,8384,548,428,0,2,359,796
2,22004,120,8296,8380,388,428,0,0,359,792
2,23004,120,8296,8380,548,424,0,2,359,796
2,24004,120,8300,8380,388,440,0,0,359,788
2,25004,120,8300,8392,496,432,0,2,359,790
2,26004,120,8292,8368,388,428,0,0,359,790
2,27004,120,8304,8384,504,432,0,1,359,804
2,28004,120,8292,8380,388,436,0,0,359,786
